project_slug,floor_slug,apartment_slug,code,points,labelX,labelY
city-garden-lamela-4,prizemlje,l4-stan-01,S01,"6.22,22.80 5.98,54.19 13.41,56.13 13.41,49.89 14.05,47.96 20.36,47.74 20.36,30.32 17.37,29.89 16.80,21.94",12.45,37.90
city-garden-lamela-4,prizemlje,l4-stan-02,S02,"34.41,21.94 34.49,38.92 37.80,39.35 38.29,47.53 49.43,47.74 49.35,22.80",42.42,34.15
city-garden-lamela-4,prizemlje,l4-stan-03,S03,"49.43,49.03 42.49,49.03 42.49,55.05 41.44,57.20 33.68,57.20 33.68,83.01 49.35,82.37",42.07,67.91
city-garden-lamela-4,prizemlje,l4-stan-04,S04,"17.53,57.20 17.53,83.01 44.35,83.01 34.17,82.37 33.12,77.20 33.68,57.20",25.63,70.02
city-garden-lamela-4,prizemlje,l4-stan-05,S05,"5.90,54.41 6.30,82.37 23.10,83.01 17.61,81.51 16.88,77.20 17.45,74.19 17.45,57.20 11.63,57.20 10.50,54.41",11.60,69.35
city-garden-lamela-4,sprat-1,l4-stan-06,S06,"5.98,12.90 5.98,53.33 9.94,53.33 10.99,56.13 13.09,56.13 13.57,48.17 16.80,47.74 17.45,45.59 16.96,43.23 17.45,29.89 16.88,28.17 17.45,12.90",11.50,32.61
city-garden-lamela-4,sprat-1,l4-stan-07,S07,"16.96,12.90 16.96,21.08 17.61,23.01 17.61,28.17 16.96,30.11 16.96,45.59 17.69,47.96 28.68,47.96 28.68,12.90",22.92,30.55
city-garden-lamela-4,sprat-1,l4-stan-08,S08,"34.41,12.90 34.49,38.92 37.80,39.35 38.53,44.73 38.13,47.74 49.52,47.74 49.60,12.90",42.39,29.57
city-garden-lamela-4,sprat-1,l4-stan-09,S09,"42.49,49.03 42.00,56.77 38.93,57.20 38.93,92.04 49.60,92.26 49.52,49.03",44.47,71.66
city-garden-lamela-4,sprat-1,l4-stan-10,S10,"28.51,57.20 28.51,92.26 35.30,91.18 39.26,92.26 39.26,57.20",33.91,74.55
city-garden-lamela-4,sprat-1,l4-stan-11,S11,"17.45,57.20 17.45,92.26 19.31,91.18 28.27,92.26 28.27,57.20",22.89,74.58
city-garden-lamela-4,sprat-1,l4-stan-12,S12,"5.65,54.41 5.65,74.19 6.30,76.13 5.65,92.26 17.37,92.26 16.88,82.15 17.37,57.20 11.63,57.20 10.50,54.41",11.39,73.86
city-garden-lamela-4,sprat-2,l4-stan-13,S13,"5.98,12.90 5.98,53.33 9.94,53.33 10.99,56.13 13.09,56.13 13.57,48.17 16.80,47.74 17.45,45.59 16.96,43.23 17.45,29.89 16.88,28.17 17.45,12.90",11.50,32.61
city-garden-lamela-4,sprat-2,l4-stan-14,S14,"16.96,12.90 16.96,21.08 17.61,23.01 17.61,28.17 16.96,30.11 16.96,45.59 17.69,47.96 28.68,47.96 28.68,12.90",22.92,30.55
city-garden-lamela-4,sprat-2,l4-stan-15,S15,"34.41,12.90 34.49,38.92 37.80,39.35 38.53,44.73 38.13,47.74 49.52,47.74 49.60,12.90",42.39,29.57
city-garden-lamela-4,sprat-2,l4-stan-16,S16,"42.49,49.03 42.00,56.77 38.93,57.20 38.93,92.04 49.60,92.26 49.52,49.03",44.47,71.66
city-garden-lamela-4,sprat-2,l4-stan-17,S17,"28.51,57.20 28.51,92.26 35.30,91.18 39.26,92.26 39.26,57.20",33.91,74.55
city-garden-lamela-4,sprat-2,l4-stan-18,S18,"17.45,57.20 17.45,92.26 19.31,91.18 28.27,92.26 28.27,57.20",22.89,74.58
city-garden-lamela-4,sprat-2,l4-stan-19,S19,"5.65,54.41 5.65,74.19 6.30,76.13 5.65,92.26 17.37,92.26 16.88,82.15 17.37,57.20 11.63,57.20 10.50,54.41",11.39,73.86
city-garden-lamela-4,sprat-3,l4-stan-20,S20,"5.98,12.90 5.98,53.33 9.94,53.33 10.99,56.13 13.09,56.13 13.57,48.17 16.80,47.74 17.45,45.59 16.96,43.23 17.45,29.89 16.88,28.17 17.45,12.90",11.50,32.61
city-garden-lamela-4,sprat-3,l4-stan-21,S21,"16.96,12.90 16.96,21.08 17.61,23.01 17.61,28.17 16.96,30.11 16.96,45.59 17.69,47.96 28.68,47.96 28.68,12.90",22.92,30.55
city-garden-lamela-4,sprat-3,l4-stan-22,S22,"34.41,12.90 34.49,38.92 37.80,39.35 38.53,44.73 38.13,47.74 49.52,47.74 49.60,12.90",42.39,29.57
city-garden-lamela-4,sprat-3,l4-stan-23,S23,"42.49,49.03 42.00,56.77 38.93,57.20 38.93,92.04 49.60,92.26 49.52,49.03",44.47,71.66
city-garden-lamela-4,sprat-3,l4-stan-24,S24,"28.51,57.20 28.51,92.26 35.30,91.18 39.26,92.26 39.26,57.20",33.91,74.55
city-garden-lamela-4,sprat-3,l4-stan-25,S25,"17.45,57.20 17.45,92.26 19.31,91.18 28.27,92.26 28.27,57.20",22.89,74.58
city-garden-lamela-4,sprat-3,l4-stan-26,S26,"5.65,54.41 5.65,74.19 6.30,76.13 5.65,92.26 17.37,92.26 16.88,82.15 17.37,57.20 11.63,57.20 10.50,54.41",11.39,73.86
city-garden-lamela-4,sprat-4,l4-stan-27,S27,"5.98,12.90 5.98,53.33 9.94,53.33 10.99,56.13 13.09,56.13 13.57,48.17 16.80,47.74 17.45,45.59 16.96,43.23 17.45,29.89 16.88,28.17 17.45,12.90",11.50,32.61
city-garden-lamela-4,sprat-4,l4-stan-28,S28,"16.96,12.90 16.96,21.08 17.61,23.01 17.61,28.17 16.96,30.11 16.96,45.59 17.69,47.96 28.68,47.96 28.68,12.90",22.92,30.55
city-garden-lamela-4,sprat-4,l4-stan-29,S29,"34.41,12.90 34.49,38.92 37.80,39.35 38.53,44.73 38.13,47.74 49.52,47.74 49.60,12.90",42.39,29.57
city-garden-lamela-4,sprat-4,l4-stan-30,S30,"49.52,49.03 42.49,49.03 42.00,56.77 36.27,57.20 36.11,63.44 33.44,64.73 33.44,92.26 49.60,92.26",42.21,72.89
city-garden-lamela-4,sprat-4,l4-stan-31,S31,"17.45,57.20 17.45,92.26 33.36,92.26 33.36,67.10 36.19,64.73 36.19,57.20",25.79,74.09
city-garden-lamela-4,sprat-4,l4-stan-32,S32,"5.65,54.41 5.65,74.19 6.30,76.13 5.65,92.26 17.37,92.26 16.88,82.15 17.37,57.20 11.63,57.20 10.50,54.41",11.39,73.86
city-garden-lamela-4,sprat-5,l4-stan-33,S33,"5.98,12.90 5.98,53.33 9.94,53.33 10.99,56.13 13.09,56.13 13.57,48.17 16.80,47.74 17.45,45.59 16.96,43.23 17.45,29.89 16.88,28.17 17.45,12.90",11.50,32.61
city-garden-lamela-4,sprat-5,l4-stan-34,S34,"16.96,12.90 16.96,21.08 17.61,23.01 17.61,28.17 16.96,30.11 16.96,45.59 17.69,47.96 28.68,47.96 28.68,12.90",22.92,30.55
city-garden-lamela-4,sprat-5,l4-stan-35,S35,"34.41,12.90 34.49,38.92 37.80,39.35 38.53,44.73 38.13,47.74 49.52,47.74 49.60,12.90",42.39,29.57
city-garden-lamela-4,sprat-5,l4-stan-36,S36,"49.52,49.03 42.49,49.03 42.00,56.77 36.27,57.20 36.11,63.44 33.44,64.73 33.44,92.26 49.60,92.26",42.21,72.89
city-garden-lamela-4,sprat-5,l4-stan-37,S37,"17.45,57.20 17.45,92.26 33.36,92.26 33.36,67.10 36.19,64.73 36.19,57.20",25.79,74.09
city-garden-lamela-4,sprat-5,l4-stan-38,S38,"5.65,54.41 5.65,74.19 6.30,76.13 5.65,92.26 17.37,92.26 16.88,82.15 17.37,57.20 11.63,57.20 10.50,54.41",11.39,73.86
city-garden-lamela-4,sprat-6,l4-stan-39,S39,"5.98,12.90 5.98,53.33 9.94,53.33 10.99,56.13 13.09,56.13 13.57,48.17 16.80,47.74 17.45,45.59 16.96,43.23 17.45,29.89 16.88,28.17 17.45,12.90",11.50,32.61
city-garden-lamela-4,sprat-6,l4-stan-40,S40,"16.96,12.90 16.96,21.08 17.61,23.01 17.61,28.17 16.96,30.11 16.96,45.59 17.69,47.96 28.68,47.96 28.68,12.90",22.92,30.55
city-garden-lamela-4,sprat-6,l4-stan-41,S41,"34.41,12.90 34.49,38.92 37.80,39.35 38.53,44.73 38.13,47.74 49.52,47.74 49.60,12.90",42.39,29.57
city-garden-lamela-4,sprat-6,l4-stan-42,S42,"49.52,49.03 42.49,49.03 42.49,55.05 41.44,57.20 28.76,57.20 28.76,92.26 49.60,92.26",39.65,73.00
city-garden-lamela-4,sprat-6,l4-stan-43,S43,"5.65,53.55 6.30,76.13 5.65,92.26 28.68,92.04 28.68,56.34 11.95,56.34 10.90,53.55",17.01,73.74
city-garden-lamela-4,sprat-7,l4-stan-44,S44,"5.98,12.90 5.98,53.33 9.94,53.33 10.99,56.13 13.09,56.13 13.57,48.17 16.80,47.74 17.45,45.59 16.96,43.23 17.45,29.89 16.88,28.17 17.45,12.90",11.50,32.61
city-garden-lamela-4,sprat-7,l4-stan-45,S45,"16.96,12.90 16.96,21.08 17.61,23.01 17.61,28.17 16.96,30.11 16.96,45.59 17.69,47.96 28.68,47.96 28.68,12.90",22.92,30.55
city-garden-lamela-4,sprat-7,l4-stan-46,S46,"34.41,12.90 34.49,38.92 37.80,39.35 38.53,44.73 38.13,47.74 49.52,47.74 49.60,12.90",42.39,29.57
city-garden-lamela-4,sprat-7,l4-stan-47,S47,"49.52,49.03 42.49,49.03 42.49,55.05 41.44,57.20 28.76,57.20 28.76,92.26 49.60,92.26",39.65,73.00
city-garden-lamela-4,sprat-7,l4-stan-48,S48,"5.65,53.55 6.30,76.13 5.65,92.26 28.68,92.04 28.68,56.34 11.95,56.34 10.90,53.55",17.01,73.74
city-garden-lamela-5,sprat-1,l5-stan-01,S01,"50.24,12.90 50.73,52.90 64.46,53.33 64.54,36.56 60.50,35.91 59.37,28.39 60.02,12.90",56.36,35.04
city-garden-lamela-5,sprat-1,l5-stan-02,S02,"60.10,12.90 60.10,36.13 64.46,37.42 64.62,53.33 73.42,53.12 73.42,30.97 69.79,30.54 69.31,22.80 70.36,20.65 74.39,20.65 74.39,12.90",67.25,31.55
city-garden-lamela-5,sprat-1,l5-stan-03,S03,"76.58,36.13 76.58,53.12 89.01,54.19 89.50,46.45 93.62,46.02 94.67,48.17 94.10,53.55 97.66,54.19 97.66,12.90 82.07,12.90 82.07,21.08 83.52,24.30 83.36,34.84 81.91,37.63",88.60,34.05
city-garden-lamela-5,sprat-1,l5-stan-04,S04,"88.77,45.38 87.96,60.43 85.46,61.72 85.46,81.08 83.60,84.52 83.60,92.26 97.58,92.26 97.66,53.55 94.51,53.12 94.51,45.59",91.51,71.94
city-garden-lamela-5,sprat-1,l5-stan-05,S05,"68.42,61.72 68.42,92.26 83.84,92.26 84.01,85.59 85.70,84.30 85.70,61.72",76.82,76.58
city-garden-lamela-5,sprat-1,l5-stan-06,S06,"50.57,54.41 50.24,92.26 68.66,92.26 68.66,61.72 60.66,61.51 60.02,54.19",59.05,74.69
city-garden-lamela-5,sprat-2,l5-stan-07,S07,"50.24,12.90 50.73,52.90 64.46,53.33 64.54,36.56 60.50,35.91 59.37,28.39 60.02,12.90",56.36,35.04
city-garden-lamela-5,sprat-2,l5-stan-08,S08,"60.10,12.90 60.10,36.13 64.46,37.42 64.62,53.33 73.42,53.12 73.42,30.97 69.79,30.54 69.31,22.80 70.36,20.65 74.39,20.65 74.39,12.90",67.25,31.55
city-garden-lamela-5,sprat-2,l5-stan-09,S09,"76.58,36.13 76.58,53.12 89.01,54.19 89.50,46.45 93.62,46.02 94.67,48.17 94.10,53.55 97.66,54.19 97.66,12.90 82.07,12.90 82.07,21.08 83.52,24.30 83.36,34.84 81.91,37.63",88.60,34.05
city-garden-lamela-5,sprat-2,l5-stan-10,S10,"88.77,45.38 87.96,60.43 85.46,61.72 85.46,81.08 83.60,84.52 83.60,92.26 97.58,92.26 97.66,53.55 94.51,53.12 94.51,45.59",91.51,71.94
city-garden-lamela-5,sprat-2,l5-stan-11,S11,"68.42,61.72 68.42,92.26 83.84,92.26 84.01,85.59 85.70,84.30 85.70,61.72",76.82,76.58
city-garden-lamela-5,sprat-2,l5-stan-12,S12,"50.57,54.41 50.24,92.26 68.66,92.26 68.66,61.72 60.66,61.51 60.02,54.19",59.05,74.69
city-garden-lamela-5,sprat-3,l5-stan-13,S13,"50.24,12.90 50.73,52.90 64.46,53.33 64.54,36.56 60.50,35.91 59.37,28.39 60.02,12.90",56.36,35.04
city-garden-lamela-5,sprat-3,l5-stan-14,S14,"60.10,12.90 60.10,36.13 64.46,37.42 64.62,53.33 73.42,53.12 73.42,30.97 69.79,30.54 69.31,22.80 70.36,20.65 74.39,20.65 74.39,12.90",67.25,31.55
city-garden-lamela-5,sprat-3,l5-stan-15,S15,"76.58,36.13 76.58,53.12 89.01,54.19 89.50,46.45 93.62,46.02 94.67,48.17 94.10,53.55 97.66,54.19 97.66,12.90 82.07,12.90 82.07,21.08 83.52,24.30 83.36,34.84 81.91,37.63",88.60,34.05
city-garden-lamela-5,sprat-3,l5-stan-16,S16,"88.77,45.38 87.96,60.43 85.46,61.72 85.46,81.08 83.60,84.52 83.60,92.26 97.58,92.26 97.66,53.55 94.51,53.12 94.51,45.59",91.51,71.94
city-garden-lamela-5,sprat-3,l5-stan-17,S17,"68.42,61.72 68.42,92.26 83.84,92.26 84.01,85.59 85.70,84.30 85.70,61.72",76.82,76.58
city-garden-lamela-5,sprat-3,l5-stan-18,S18,"50.57,54.41 50.24,92.26 68.66,92.26 68.66,61.72 60.66,61.51 60.02,54.19",59.05,74.69
city-garden-lamela-5,sprat-4,l5-stan-19,S19,"50.24,12.90 50.73,52.90 64.46,53.33 64.54,36.56 60.50,35.91 59.37,28.39 60.02,12.90",56.36,35.04
city-garden-lamela-5,sprat-4,l5-stan-20,S20,"60.10,12.90 60.10,36.13 64.46,37.42 64.62,53.33 73.42,53.12 73.42,30.97 69.79,30.54 69.31,22.80 70.36,20.65 74.39,20.65 74.39,12.90",67.25,31.55
city-garden-lamela-5,sprat-4,l5-stan-21,S21,"76.58,36.13 76.58,53.12 89.01,54.19 89.50,46.45 93.62,46.02 94.67,48.17 94.10,53.55 97.66,54.19 97.66,12.90 82.07,12.90 82.07,21.08 83.52,24.30 83.36,34.84 81.91,37.63",88.60,34.05
city-garden-lamela-5,sprat-4,l5-stan-22,S22,"88.77,45.38 87.96,60.43 85.46,61.72 85.46,81.08 83.60,84.52 83.60,92.26 97.58,92.26 97.66,53.55 94.51,53.12 94.51,45.59",91.51,71.94
city-garden-lamela-5,sprat-4,l5-stan-23,S23,"68.42,61.72 68.42,92.26 83.84,92.26 84.01,85.59 85.70,84.30 85.70,61.72",76.82,76.58
city-garden-lamela-5,sprat-4,l5-stan-24,S24,"50.57,54.41 50.24,92.26 68.66,92.26 68.66,61.72 60.66,61.51 60.02,54.19",59.05,74.69
city-garden-lamela-5,sprat-5,l5-stan-25,S25,"50.24,12.90 50.73,52.90 64.46,53.33 64.54,36.56 60.50,35.91 59.37,28.39 60.02,12.90",56.36,35.04
city-garden-lamela-5,sprat-5,l5-stan-26,S26,"60.10,12.90 60.10,36.13 64.46,37.42 64.62,53.33 73.42,53.12 73.42,30.97 69.79,30.54 69.31,22.80 70.36,20.65 74.39,20.65 74.39,12.90",67.25,31.55
city-garden-lamela-5,sprat-5,l5-stan-27,S27,"76.58,36.13 76.58,53.12 89.01,54.19 89.50,46.45 93.62,46.02 94.67,48.17 94.10,53.55 97.66,54.19 97.66,12.90 82.07,12.90 82.07,21.08 83.52,24.30 83.36,34.84 81.91,37.63",88.60,34.05
city-garden-lamela-5,sprat-5,l5-stan-28,S28,"88.77,45.38 87.96,60.43 85.46,61.72 85.46,81.08 83.60,84.52 83.60,92.26 97.58,92.26 97.66,53.55 94.51,53.12 94.51,45.59",91.51,71.94
city-garden-lamela-5,sprat-5,l5-stan-29,S29,"68.42,61.72 68.42,92.26 83.84,92.26 84.01,85.59 85.70,84.30 85.70,61.72",76.82,76.58
city-garden-lamela-5,sprat-5,l5-stan-30,S30,"50.57,54.41 50.24,92.26 68.66,92.26 68.66,61.72 60.66,61.51 60.02,54.19",59.05,74.69
city-garden-lamela-5,sprat-6,l5-stan-31,S31,"50.24,12.90 50.73,52.90 64.46,53.33 64.54,36.56 60.50,35.91 59.37,28.39 60.02,12.90",56.36,35.04
city-garden-lamela-5,sprat-6,l5-stan-32,S32,"60.10,12.90 60.10,36.13 64.46,37.42 64.62,53.33 73.42,53.12 73.42,30.97 69.79,30.54 69.31,22.80 70.36,20.65 74.39,20.65 74.39,12.90",67.25,31.55
city-garden-lamela-5,sprat-6,l5-stan-33,S33,"76.58,36.13 76.58,53.12 89.01,54.19 89.50,46.45 93.62,46.02 94.67,48.17 94.10,53.55 97.66,54.19 97.66,12.90 82.07,12.90 82.07,21.08 83.52,24.30 83.36,34.84 81.91,37.63",88.60,34.05
city-garden-lamela-5,sprat-6,l5-stan-34,S34,"88.77,45.38 87.96,60.43 85.46,61.72 85.46,81.08 83.60,84.52 83.60,92.26 97.58,92.26 97.66,53.55 94.51,53.12 94.51,45.59",91.51,71.94
city-garden-lamela-5,sprat-6,l5-stan-35,S35,"73.18,61.72 73.18,92.26 79.48,91.18 83.84,92.26 84.01,85.59 85.70,84.30 85.70,61.72",79.23,76.41
city-garden-lamela-5,sprat-6,l5-stan-36,S36,"50.57,54.62 50.40,92.26 73.10,92.26 73.42,61.72 61.07,61.72 60.02,59.57 60.02,54.41",61.34,75.09
