project_slug,imagePath
naselje-ada,/images/projekti/naselje-ada/gallery/1.jpg
naselje-ada,/images/projekti/naselje-ada/gallery/2.jpg
naselje-ada,/images/projekti/naselje-ada/gallery/3.jpg
naselje-ada,/images/projekti/naselje-ada/gallery/4.jpg
naselje-ada,/images/projekti/naselje-ada/gallery/5.jpg
naselje-ada,/images/projekti/naselje-ada/gallery/6.jpg
nova-varos,/images/projekti/nova-varos/gallery/1.jpg
nova-varos,/images/projekti/nova-varos/gallery/2.jpg
nova-varos,/images/projekti/nova-varos/gallery/3.jpg
nova-varos,/images/projekti/nova-varos/gallery/4.jpg
nova-varos,/images/projekti/nova-varos/gallery/5.jpg
nova-varos,/images/projekti/nova-varos/gallery/6.jpg
nova-varos,/images/projekti/nova-varos/gallery/7.jpg
city-garden-lamela-4,/images/projekti/city-garden-lamela-4/gallery/1.jpg
city-garden-lamela-4,/images/projekti/city-garden-lamela-4/gallery/2.jpg
city-garden-lamela-4,/images/projekti/city-garden-lamela-4/gallery/3.jpg
city-garden-lamela-4,/images/projekti/city-garden-lamela-4/gallery/4.jpg
city-garden-lamela-4,/images/projekti/city-garden-lamela-4/gallery/5.jpg
city-garden-lamela-4,/images/projekti/city-garden-lamela-4/gallery/6.jpg
city-garden-lamela-4,/images/projekti/city-garden-lamela-4/gallery/7.jpg
city-garden-lamela-4,/images/projekti/city-garden-lamela-4/gallery/8.jpg
city-garden-lamela-4,/images/projekti/city-garden-lamela-4/gallery/9.jpg
city-garden-lamela-4,/images/projekti/city-garden-lamela-4/gallery/10.jpg
city-garden-lamela-4,/images/projekti/city-garden-lamela-4/gallery/11.jpg
city-garden-lamela-4,/images/projekti/city-garden-lamela-4/gallery/12.jpg
city-garden-lamela-4,/images/projekti/city-garden-lamela-4/gallery/13.jpg
city-garden-lamela-4,/images/projekti/city-garden-lamela-4/gallery/14.jpg
city-garden-lamela-4,/images/projekti/city-garden-lamela-4/gallery/15.jpg
city-garden-lamela-4,/images/projekti/city-garden-lamela-4/gallery/16.jpg
city-garden-lamela-4,/images/projekti/city-garden-lamela-4/gallery/17.jpg
city-garden-lamela-4,/images/projekti/city-garden-lamela-4/gallery/18.jpg
city-garden-lamela-4,/images/projekti/city-garden-lamela-4/gallery/19.jpg
city-garden-lamela-4,/images/projekti/city-garden-lamela-4/gallery/20.jpg
city-garden-lamela-5,/images/projekti/city-garden-lamela-5/gallery/1.jpg
city-garden-lamela-5,/images/projekti/city-garden-lamela-5/gallery/2.jpg
city-garden-lamela-5,/images/projekti/city-garden-lamela-5/gallery/3.jpg
city-garden-lamela-5,/images/projekti/city-garden-lamela-5/gallery/4.jpg
city-garden-lamela-5,/images/projekti/city-garden-lamela-5/gallery/5.jpg
city-garden-lamela-5,/images/projekti/city-garden-lamela-5/gallery/6.jpg
city-garden-lamela-5,/images/projekti/city-garden-lamela-5/gallery/7.jpg
city-garden-lamela-5,/images/projekti/city-garden-lamela-5/gallery/8.jpg
city-garden-lamela-5,/images/projekti/city-garden-lamela-5/gallery/9.jpg
city-garden-lamela-5,/images/projekti/city-garden-lamela-5/gallery/10.jpg
city-garden-lamela-5,/images/projekti/city-garden-lamela-5/gallery/11.jpg
city-garden-lamela-5,/images/projekti/city-garden-lamela-5/gallery/12.jpg
city-garden-lamela-5,/images/projekti/city-garden-lamela-5/gallery/13.jpg
city-garden-lamela-5,/images/projekti/city-garden-lamela-5/gallery/14.jpg
city-garden-lamela-5,/images/projekti/city-garden-lamela-5/gallery/15.jpg
city-garden-lamela-5,/images/projekti/city-garden-lamela-5/gallery/16.jpg
city-garden-lamela-5,/images/projekti/city-garden-lamela-5/gallery/17.jpg
city-garden-lamela-5,/images/projekti/city-garden-lamela-5/gallery/18.jpg
city-garden-lamela-5,/images/projekti/city-garden-lamela-5/gallery/19.jpg
city-garden-lamela-5,/images/projekti/city-garden-lamela-5/gallery/20.jpg
