slug,name,year,status,shortDescription,heroImage,technicalDescription,saleInfo
naselje-ada,Naselje Ada,2023,završen,Stambeni objekat u Naselju Ada – 35 stanova i 18 garažnih mjesta na Bulevaru vojvode Živojina Mišića.,/images/projekti/naselje-ada/hero.jpg,"Armirano-betonski skelet s ispunom od termoizolacionih blokova.
Fasada u kombinaciji kamena i visokokvalitetnih fasadnih panela.
Aluminijumska stolarija s trostrukim staklom (Uw ≤ 0,9 W/m²K).
Spratnost: Prizemlje (garaže) + 5 spratova.
Grijanje: podno grijanje + toplotna pumpa vazduh-voda (A+++).
Fasadna izolacija: EPS 15 cm.
Lift: kapacitet 8 osoba.
Parking: 18 garažnih mjesta u prizemlju.","Svi stanovi su prodani.
Za informacije o slobodnim garažnim mjestima kontaktirajte nas: 066 992 999."
nova-varos,Nova Varoš,2025,završen,"Moderni stambeni objekat u Novoj Varoši – 17 stanova, poslovni prostor i 7 parking mjesta u Ulici Prvog krajiškog korpusa.",/images/projekti/nova-varos/hero.jpg,"Armirano-betonski skelet s ispunom od termoizolacionih blokova.
Aluminijumska stolarija s trostrukim staklom (Uw ≤ 0,9 W/m²K).
Spratnost: Podrum (parking) + Prizemlje (poslovni prostor) + 4 sprata + Povučena etaža.
Ukupno: 17 stambenih jedinica, 1 poslovni prostor i 7 parking mjesta.
Kvadratura stanova: 39,75 m² – 113,35 m².
Grijanje: podno grijanje + toplotna pumpa vazduh-voda (A+++).
Fasadna izolacija: EPS 15 cm.
Lift: kapacitet 8 osoba.
Parking: 7 mjesta u podrumu.","Dostupan poslovni prostor (104,99 m²) i Stan 16 (113,35 m²) na povučenoj etaži.
Kontaktirajte nas za više informacija i rezervaciju: 066 992 999."
